{
  "type": "form",
  "title": "Ajouter un locataire",
  "fields": [
    { "label": "Nom", "type": "text", "name": "last_name", "required": true },
    { "label": "Prénom", "type": "text", "name": "first_name", "required": true },
    { "label": "Email", "type": "email", "name": "email", "required": true },
    { "label": "Téléphone", "type": "tel", "name": "phone", "required": true },
    { "label": "Bien attribué", "type": "select", "name": "property", "options": "{{properties.list}}", "required": true }
  ],
  "actions": [
    { "label": "Enregistrer", "type": "submit", "api": "tenants.add" }
  ],
  "printable": true,
  "email_pdf": true,
  "cloud_storage": true
}
