{
  "type": "form",
  "title": "Ajouter un bien",
  "fields": [
    { "label": "Nom du bien", "type": "text", "name": "property_name", "required": true },
    { "label": "Adresse", "type": "text", "name": "address", "required": true },
    { "label": "Type", "type": "select", "name": "type", "options": ["Appartement", "Maison", "Local commercial"], "required": true },
    { "label": "Surface (m²)", "type": "number", "name": "surface", "required": true },
    { "label": "Loyer mensuel (€)", "type": "number", "name": "rent", "required": true }
  ],
  "actions": [
    { "label": "Enregistrer", "type": "submit", "api": "properties.add" }
  ],
  "printable": true,
  "email_pdf": true,
  "cloud_storage": true
}
