{
  "type": "form",
  "title": "Créer / Modifier une Automatisation",
  "fields": [
    { "label": "Type d’automatisation", "type": "select", "name": "automation_type", "options": ["Révision loyer", "Échéance fiscale", "Maintenance"] },
    { "label": "Fréquence", "type": "select", "name": "frequency", "options": ["Mensuelle", "Annuelle", "Date fixe"] },
    { "label": "Date d’exécution", "type": "date", "name": "run_date", "required": false },
    { "label": "Destinataire(s)", "type": "multi_email_sms", "name": "recipients" },
    { "label": "Message personnalisé", "type": "textarea", "name": "custom_message" }
  ],
  "actions": [
    { "label": "Enregistrer", "type": "submit", "api": "automations.add_or_update" }
  ],
  "editable": true,
  "cloud_storage": true
}
