{
  "type": "page",
  "title": "Automatisations",
  "blocks": [
    {
      "type": "table",
      "data": "{{automations.list}}",
      "columns": [
        { "label": "Nom", "field": "name" },
        { "label": "Fréquence", "field": "frequency" },
        { "label": "Prochaine exécution", "field": "next_run" },
        { "label": "Statut", "field": "status" },
        { "label": "Actions", "type": "actions", "actions": [
          { "icon": "edit", "label": "Modifier", "action": "open_form:automation.form.json?id={{row.id}}" },
          { "icon": "pause", "label": "Désactiver", "action": "automation.pause" },
          { "icon": "delete", "label": "Supprimer", "action": "automation.delete" }
        ] }
      ]
    },
    {
      "type": "actions",
      "align": "right",
      "buttons": [
        { "label": "+ Nouvelle automatisation", "action": "open_form:automation.form.json" }
      ]
    }
  ],
  "editable": true,
  "cloud_storage": true,
  "interactive": true
}
