{
  "type": "form",
  "title": "Calcul / Régularisation des Charges",
  "fields": [
    { "label": "Bien", "type": "select", "name": "property", "options": "{{properties.list}}", "required": true },
    { "label": "Période de régularisation", "type": "date_range", "name": "period", "required": true },
    { "label": "Eau (m³)", "type": "number", "name": "water" },
    { "label": "Électricité (kWh)", "type": "number", "name": "electricity" },
    { "label": "Chauffage (kWh)", "type": "number", "name": "heating" },
    { "label": "Copropriété (€)", "type": "number", "name": "copro" },
    { "label": "Autres charges (€)", "type": "number", "name": "other" }
  ],
  "actions": [
    { "label": "Générer l’avis de charge", "type": "submit", "api": "charges.generate_notice" },
    { "label": "Envoyer l’avis par email", "type": "open_modal:send_pdf_email" }
  ],
  "printable": true,
  "email_pdf": true,
  "cloud_storage": true
}
