{
  "type": "page",
  "title": "Gestion des Charges",
  "blocks": [
    {
      "type": "table",
      "data": "{{charges.by_property}}",
      "filters": [
        { "label": "Bien", "name": "property", "type": "select", "options": "{{properties.list}}" },
        { "label": "Période", "name": "period", "type": "date_range" },
        { "label": "Type de charge", "name": "charge_type", "type": "select", "options": ["Eau", "Électricité", "Chauffage", "Copropriété", "Autres"] }
      ],
      "columns": [
        { "label": "Bien", "field": "property" },
        { "label": "Type de charge", "field": "charge_type" },
        { "label": "Montant initial (€)", "field": "initial_amount" },
        { "label": "Montant réel (€)", "field": "actual_amount" },
        { "label": "Écart (€)", "field": "diff_amount" }
      ]
    },
    {
      "type": "actions",
      "align": "right",
      "buttons": [
        { "label": "+ Calculer les charges", "action": "open_form:charges_calc.form.json" }
      ]
    }
  ],
  "printable": true,
  "email_pdf": true,
  "cloud_storage": true,
  "editable": true
}
