{
  "type": "form",
  "title": "Ajouter/Modifier un Contrat",
  "wizard": true,
  "fields": [
    { "label": "Bien", "type": "select", "name": "property", "options": "{{properties.list}}", "required": true },
    { "label": "Locataire", "type": "select", "name": "tenant", "options": "{{tenants.list}}", "required": true },
    { "label": "Montant du loyer (€)", "type": "number", "name": "rent_amount", "required": true },
    { "label": "Date de début", "type": "date", "name": "start_date", "required": true },
    { "label": "Mode de paiement", "type": "select", "name": "payment_method", "options": ["Stripe", "GoCardless"], "required": true },
    { "label": "Clé API Paiement", "type": "password", "name": "api_key", "required": true },
    { "label": "Mandat de prélèvement", "type": "file", "name": "mandate_doc", "required": false }
  ],
  "actions": [
    { "label": "Enregistrer", "type": "submit", "api": "contracts.add_or_update" }
  ],
  "printable": true,
  "email_pdf": true,
  "cloud_storage": true
}
