{
  "type": "page",
  "title": "Tableaux de Bord",
  "blocks": [
    {
      "type": "cards",
      "cards": [
        { "label": "Nombre total de biens", "value": "{{dashboard.total_properties}}" },
        { "label": "Taux d’occupation global", "value": "{{dashboard.occupancy_rate}}%" },
        { "label": "CA locatif mensuel", "value": "{{dashboard.monthly_revenue}} €" },
        { "label": "Total charges du mois", "value": "{{dashboard.monthly_expenses}} €" }
      ]
    },
    {
      "type": "filters",
      "fields": [
        { "label": "Période", "type": "select", "name": "period", "options": ["Mois", "Trimestre", "Année"] },
        { "label": "Type de bien", "type": "select", "name": "property_type", "options": ["Tous", "Appartement", "Local professionnel"] }
      ]
    },
    {
      "type": "charts",
      "charts": [
        { "label": "Évolution mensuelle des loyers", "type": "line", "data": "{{dashboard.rent_evolution}}", "x": "mois", "y": "loyer" },
        { "label": "Répartition charges vs revenus", "type": "pie", "data": "{{dashboard.charges_vs_revenue}}", "name": "poste", "value": "montant" },
        { "label": "Historique des réévaluations IRL", "type": "bar", "data": "{{dashboard.irl_history}}", "x": "date", "y": "valeur" }
      ]
    }
  ],
  "editable": true,
  "cloud_storage": true,
  "interactive": true
}
