{
  "type": "page",
  "title": "Dashboard",
  "header": {
    "logo": "logo.png",
    "menu": [
      { "label": "Accueil", "target": "dashboard.page.json" },
      { "label": "Biens", "target": "properties.page.json" },
      { "label": "Locataires", "target": "tenants.page.json" },
      { "label": "Paramètres", "target": "settings.page.json" },
      { "label": "Déconnexion", "action": "auth.logout" }
    ]
  },
  "blocks": [
    {
      "type": "summary_cards",
      "cards": [
        { "label": "Nombre de biens", "value": "{{properties.count}}" },
        { "label": "Taux d’occupation", "value": "{{occupancy.rate}}%" },
        { "label": "CA mensuel", "value": "{{revenue.monthly}} €" },
        { "label": "Charges totales", "value": "{{expenses.total}} €" }
      ]
    },
    {
      "type": "actions",
      "buttons": [
        { "label": "+ Ajouter un bien", "action": "open_form:add_property.form.json" },
        { "label": "+ Ajouter un locataire", "action": "open_form:add_tenant.form.json" }
      ]
    }
  ],
  "footer": {
    "links": [
      { "label": "Documentation", "url": "https://windsurf.app/docs" },
      { "label": "Mentions légales", "url": "https://windsurf.app/legal" },
      { "label": "Support", "url": "https://windsurf.app/support" }
    ]
  },
  "printable": true,
  "email_pdf": true,
  "cloud_storage": true
}
