{
  "type": "page",
  "title": "Réévaluation IRL des Loyers",
  "blocks": [
    {
      "type": "form",
      "fields": [
        { "label": "Sélectionner un contrat", "type": "select", "name": "contract", "options": "{{contracts.list}}", "required": true },
        { "label": "Date anniversaire du bail", "type": "date", "name": "anniversary_date", "required": true },
        { "label": "Indice IRL applicable", "type": "select", "name": "irl_value", "options": "{{irl_import.list}}", "required": true }
      ],
      "actions": [
        { "label": "Réévaluer", "type": "submit", "api": "contracts.apply_irl_update" }
      ]
    },
    {
      "type": "chart",
      "data": "{{contracts.irl_history}}",
      "x": "date",
      "y": "rent_amount",
      "title": "Historique des évolutions de loyers (IRL)"
    }
  ],
  "printable": true,
  "email_pdf": true,
  "cloud_storage": true,
  "editable": true
}
