{
  "type": "page",
  "title": "Connexion",
  "blocks": [
    {
      "type": "form",
      "fields": [
        { "label": "Email", "type": "email", "name": "email", "required": true },
        { "label": "Mot de passe", "type": "password", "name": "password", "required": true }
      ],
      "actions": [
        { "label": "Se connecter", "type": "submit", "api": "auth.login" },
        { "label": "Mot de passe oublié", "type": "link", "target": "forgot_password.page.json" }
      ]
    },
    {
      "type": "2fa",
      "visible": false,
      "fields": [
        { "label": "Code reçu par SMS/email", "type": "text", "name": "code", "required": true }
      ],
      "actions": [
        { "label": "Vérifier", "type": "submit", "api": "auth.2fa.verify" }
      ]
    }
  ],
  "security": {
    "gdpr": true
  }
}
