{
  "type": "page",
  "title": "Fiche Bien",
  "blocks": [
    {
      "type": "form",
      "mode": "view-edit",
      "data": "{{property.detail}}",
      "fields": [
        { "label": "Type de bien", "type": "select", "name": "type", "options": ["Appartement", "Local professionnel"] },
        { "label": "Adresse", "type": "text", "name": "address" },
        { "label": "Surface (m²)", "type": "number", "name": "surface" },
        { "label": "Valeur locative (€)", "type": "number", "name": "rent_value" },
        { "label": "Photos", "type": "file", "name": "photos", "multiple": true },
        { "label": "Documents", "type": "file", "name": "documents", "multiple": true }
      ],
      "actions": [
        { "label": "Modifier", "type": "edit", "mode": "edit" }
      ]
    },
    {
      "type": "actions",
      "buttons": [
        { "label": "Imprimer la fiche", "action": "print_page" },
        { "label": "Envoyer par email", "action": "open_modal:send_pdf_email" }
      ]
    }
  ],
  "printable": true,
  "email_pdf": true,
  "cloud_storage": true,
  "editable": true
}
