{
  "type": "page",
  "title": "Liste des Biens",
  "blocks": [
    {
      "type": "table",
      "data": "{{properties.list}}",
      "filters": [
        { "label": "Catégorie", "name": "type", "type": "select", "options": ["Appartement", "Local professionnel"] },
        { "label": "Statut", "name": "status", "type": "select", "options": ["Occupé", "Vacant"] },
        { "label": "Localisation", "name": "location", "type": "text" }
      ],
      "columns": [
        { "label": "Nom", "field": "property_name", "cellLink": "property_detail.page.json?id={{row.id}}" },
        { "label": "Type", "field": "type", "color": { "Appartement": "#2196F3", "Local professionnel": "#4CAF50" } },
        { "label": "Statut", "field": "status" },
        { "label": "Localisation", "field": "location" },
        { "label": "Actions", "type": "actions", "actions": [
          { "icon": "edit", "label": "Modifier", "action": "open_page:property_detail.page.json?id={{row.id}}" },
          { "icon": "print", "label": "Imprimer", "action": "print_row" },
          { "icon": "email", "label": "Envoyer par email", "action": "send_row_pdf_email" }
        ] }
      ]
    },
    {
      "type": "actions",
      "align": "right",
      "buttons": [
        { "label": "+ Ajouter un bien", "action": "open_form:add_property.form.json" }
      ]
    }
  ],
  "printable": true,
  "email_pdf": true,
  "cloud_storage": true,
  "editable": true
}
