{
  "type": "page",
  "title": "Historique des Quittances",
  "blocks": [
    {
      "type": "table",
      "data": "{{receipts.list}}",
      "columns": [
        { "label": "Contrat", "field": "contract" },
        { "label": "Nom du locataire", "field": "tenant" },
        { "label": "Montant (€)", "field": "amount" },
        { "label": "Période", "field": "period" },
        { "label": "Date d'émission", "field": "issue_date" },
        { "label": "Actions", "type": "actions", "actions": [
          { "icon": "print", "label": "Imprimer", "action": "print_row" },
          { "icon": "email", "label": "Envoyer par email", "action": "send_row_pdf_email" }
        ] }
      ]
    }
  ],
  "printable": true,
  "email_pdf": true,
  "cloud_storage": true,
  "editable": true
}
