{
  "type": "page",
  "title": "Paramétrage des Loyers",
  "blocks": [
    {
      "type": "table",
      "data": "{{contracts.list}}",
      "columns": [
        { "label": "Bien", "field": "property" },
        { "label": "Locataire", "field": "tenant" },
        { "label": "Montant du loyer (€)", "field": "rent_amount" },
        { "label": "Date de début", "field": "start_date" },
        { "label": "Fréquence", "field": "frequency" },
        { "label": "Statut du prélèvement", "field": "payment_status" },
        { "label": "Actions", "type": "actions", "actions": [
          { "icon": "edit", "label": "Modifier", "action": "open_form:contract_wizard.form.json?id={{row.id}}" }
        ] }
      ]
    },
    {
      "type": "actions",
      "align": "right",
      "buttons": [
        { "label": "+ Ajouter un contrat", "action": "open_form:contract_wizard.form.json" }
      ]
    }
  ],
  "printable": true,
  "email_pdf": true,
  "cloud_storage": true,
  "editable": true
}
