{
  "type": "scheduler",
  "jobs": [
    {
      "name": "rappel_etat_biens",
      "cron": "0 9 1 * *",  
      "action": {
        "type": "email",
        "to": "admin@exemple.com",
        "subject": "Rappel mensuel : Vérification de l'état des biens",
        "body": "Merci de vérifier l'état de tous les biens ce mois-ci."
      }
    },
    {
      "name": "alerte_bien_vacant",
      "cron": "0 8 * * *",
      "action": {
        "type": "conditional_email",
        "condition": "property.status == 'Vacant' && property.vacant_since > 30",
        "to": "admin@exemple.com",
        "subject": "Alerte : Bien vacant depuis plus de 30 jours",
        "body": "Le bien {{property.property_name}} est vacant depuis plus de 30 jours. Merci de prendre les mesures nécessaires."
      }
    }
  ]
}
