{
  "type": "scheduler",
  "jobs": [
    {
      "name": "regularisation_charges_trimestrielle",
      "cron": "0 8 1 1,4,7,10 *",
      "action": {
        "type": "api_import",
        "source": [
          { "type": "csv", "file": "charges_import.csv" },
          { "type": "api", "url": "https://api.charges.fr/consommations" }
        ],
        "on_success": [
          { "type": "charges.calculate_actual" },
          { "type": "generate_pdf_notice" },
          { "type": "send_email", "to": "{{tenant.email}}", "subject": "Nouvel avis de charge trimestriel", "body": "Veuillez trouver votre avis de charge trimestriel en pièce jointe.", "attachment": "{{generated_pdf}}" },
          { "type": "send_email", "to": "{{owner.email}}", "subject": "Avis de charge pour votre bien", "body": "Veuillez trouver l'avis de charge en pièce jointe.", "attachment": "{{generated_pdf}}" }
        ]
      }
    }
  ]
}
