{
  "type": "scheduler",
  "jobs": [
    {
      "name": "rappel_loyer",
      "cron": "0 9 * * *",
      "action": {
        "type": "conditional_email_sms",
        "condition": "payment.due_in == 5",
        "to": "{{tenant.email}}",
        "sms": "{{tenant.phone}}",
        "subject": "Rappel : Loyer à régler dans 5 jours",
        "body": "Bonjour {{tenant.first_name}}, votre loyer pour le bien {{tenant.property}} est dû dans 5 jours. Merci de procéder au paiement."
      }
    },
    {
      "name": "alerte_retard_paiement",
      "cron": "0 8 * * *",
      "action": {
        "type": "conditional_email",
        "condition": "payment.late > 7",
        "to": "admin@exemple.com",
        "subject": "Alerte : Retard de paiement locataire",
        "body": "Le locataire {{tenant.last_name}} {{tenant.first_name}} n'a pas réglé son loyer depuis plus de 7 jours."
      }
    }
  ]
}
