{
  "type": "scheduler",
  "jobs": [
    {
      "name": "prelevement_automatique_loyer",
      "cron": "0 10 1 * *",
      "action": {
        "type": "api_payment",
        "provider": "{{contract.payment_method}}",
        "api_key": "{{contract.api_key}}",
        "amount": "{{contract.rent_amount}}",
        "to": "{{contract.tenant}}",
        "on_success": [
          { "type": "generate_pdf_receipt", "contract_id": "{{contract.id}}" },
          { "type": "send_email", "to": "{{contract.tenant_email}}", "subject": "Votre quittance de loyer", "body": "Veuillez trouver votre quittance en pièce jointe.", "attachment": "{{generated_pdf}}" }
        ],
        "on_failure": [
          { "type": "send_email", "to": "{{contract.tenant_email}}", "subject": "Échec du prélèvement de loyer", "body": "Votre prélèvement de loyer a échoué. Merci de vérifier vos informations de paiement." }
        ]
      }
    }
  ]
}
