{
  "type": "page",
  "title": "Déclarations Fiscales",
  "blocks": [
    {
      "type": "summary",
      "fields": [
        { "label": "Total loyers perçus", "value": "{{taxes.total_rents}} €" },
        { "label": "Total charges", "value": "{{taxes.total_charges}} €" },
        { "label": "Travaux déductibles", "value": "{{taxes.deductible_works}} €" }
      ]
    },
    {
      "type": "actions",
      "buttons": [
        { "label": "Télécharger 2044", "action": "export_csv:taxes_2044.csv" },
        { "label": "Télécharger 2072", "action": "export_csv:taxes_2072.csv" }
      ]
    },
    {
      "type": "chart",
      "data": "{{taxes.repartition}}",
      "x": "poste",
      "y": "montant",
      "title": "Répartition revenus vs charges"
    }
  ],
  "printable": true,
  "email_pdf": true,
  "cloud_storage": true,
  "editable": true
}
