{
  "type": "page",
  "title": "Fiche Locataire",
  "blocks": [
    {
      "type": "form",
      "mode": "view-edit",
      "data": "{{tenant.detail}}",
      "fields": [
        { "label": "Nom", "type": "text", "name": "last_name" },
        { "label": "Prénom", "type": "text", "name": "first_name" },
        { "label": "Email", "type": "email", "name": "email" },
        { "label": "Téléphone", "type": "tel", "name": "phone" },
        { "label": "Adresse", "type": "text", "name": "address" },
        { "label": "Bien loué", "type": "select", "name": "property", "options": "{{properties.list}}" },
        { "label": "Historique des paiements", "type": "list", "name": "payments", "columns": ["Date", "Montant (€)"] },
        { "label": "Documents", "type": "file", "name": "documents", "multiple": true }
      ],
      "actions": [
        { "label": "Modifier", "type": "edit", "mode": "edit" }
      ]
    },
    {
      "type": "actions",
      "buttons": [
        { "label": "Imprimer la fiche", "action": "print_page" },
        { "label": "Envoyer par email", "action": "open_modal:send_pdf_email" }
      ]
    }
  ],
  "printable": true,
  "email_pdf": true,
  "cloud_storage": true,
  "editable": true
}
