{
  "type": "page",
  "title": "Liste des Locataires",
  "blocks": [
    {
      "type": "table",
      "data": "{{tenants.list}}",
      "searchable": true,
      "filters": [
        { "label": "Nom", "name": "last_name", "type": "text" },
        { "label": "Bien loué", "name": "property", "type": "select", "options": "{{properties.list}}" },
        { "label": "Statut de paiement", "name": "payment_status", "type": "select", "options": ["À jour", "En retard"] }
      ],
      "columns": [
        { "label": "Nom", "field": "last_name", "cellLink": "tenant_detail.page.json?id={{row.id}}" },
        { "label": "Prénom", "field": "first_name" },
        { "label": "Email", "field": "email" },
        { "label": "Téléphone", "field": "phone" },
        { "label": "Bien associé", "field": "property" },
        { "label": "Dernier paiement", "field": "last_payment" },
        { "label": "Statut", "field": "payment_status" },
        { "label": "Actions", "type": "actions", "actions": [
          { "icon": "edit", "label": "Modifier", "action": "open_page:tenant_detail.page.json?id={{row.id}}" },
          { "icon": "print", "label": "Imprimer", "action": "print_row" },
          { "icon": "email", "label": "Envoyer par email", "action": "send_row_pdf_email" }
        ] }
      ]
    },
    {
      "type": "actions",
      "align": "right",
      "buttons": [
        { "label": "+ Ajouter un locataire", "action": "open_form:add_tenant.form.json" }
      ]
    }
  ],
  "printable": true,
  "email_pdf": true,
  "cloud_storage": true,
  "editable": true
}
